id,name,model_id:id,group_id:id,perm_read,perm_write,perm_create,perm_unlink
access_customer_group_sale_manger,customer.group sm,model_customer_group,base.group_sale_manager,1,1,1,0
access_customer_group_sale_user,customer.group su,model_customer_group,base.group_sale_salesman,1,0,0,0
access_crm_lead_run_sale_manger,crm.lead.run sm,model_crm_lead_run,base.group_sale_manager,1,1,1,0
access_crm_lead_run_sale_user,crm.lead.run su,model_crm_lead_run,base.group_sale_salesman,1,0,0,0
access_industry_class_sale_manger,industry.class sm,model_industry_class,base.group_sale_manager,1,1,1,0
access_industry_class_sale_user,industry.class su,model_industry_class,base.group_sale_salesman,1,0,0,0
access_industry_industry_sale_manger,industry.industry sm,model_industry_industry,base.group_sale_manager,1,1,1,0
access_industry_industry_sale_user,industry.industry su,model_industry_industry,base.group_sale_salesman,1,0,0,0
access_ir_sequence_gff_fm,ir.sequence fm,model_ir_sequence,,1,1,1,1

