<?xml version="1.0" encoding="utf-8"?>
<openerp>
	<data>

		<record model="ir.module.category" id="module_category_customer_registration">
			<field name="name">New Customer Registration</field>
			<field name="sequence">6</field>
		</record>

		<record model="res.groups" id="cus_reg_sale_manager">
			<field name="name">Sale Manager</field>
			<field name="category_id" ref="module_category_customer_registration" />
		</record>

		<record model="res.groups" id="cus_reg_finance_manager">
			<field name="name">Finance Manager</field>
			<field name="category_id" ref="module_category_customer_registration" />
		</record>

		<record id="crm.crm_rule_personal_lead" model="ir.rule">
			<field name="domain_force">['|','|','|',('user_id','=',user.id),('sales_head','=',user.id),('finance_manager','=',user.id),('user_id','=',False)]
			</field>
			<field name="groups" eval="[(4, ref('base.group_sale_salesman'))]" />
		</record>
	</data>
</openerp>
     